subreddit_name,glossary
2007scape,
2meirl4meirl,
3dprinting,
40klore,
90dayfiance,
actuallesbians,
adhd,
advice,
adviceanimals,
afl,https://www.reddit.com/r/AFL/wiki/terms
airforce,https://www.reddit.com/r/AirForce/wiki/acronyms
airsoft,
ama,
amd,
amitheasshole,https://www.reddit.com/r/AmItheAsshole/wiki/faq#wiki_acronyms
android,
anime,
animemes,
anthemthegame,
antimlm,https://www.reddit.com/r/antiMLM/wiki/glossary
apexlegends,
apple,
aquariums,https://www.reddit.com/r/Aquariums/wiki/terminology
army,
art,
askanamerican,
askeurope,
askgaybros,https://www.reddit.com/r/askgaybros/wiki/glossary
askmen,
askouija,
askreddit,
askredditafterdark,
asktrumpsupporters,
askwomen,
asoiaf,https://www.reddit.com/r/asoiaf/wiki/acronyms
asoiafcirclejerk,
assholedesign,
atbge,
atheism,https://www.reddit.com/r/atheism/wiki/glossary
austin,
australia,
awfuleverything,
aww,
azurelane,
bangtan,
barca,
barstoolsports,
baseball,
battlefieldv,
battlestations,
beamazed,
beautyguruchatter,
bigbrother,https://www.reddit.com/r/BigBrother/wiki/faq
bikinibottomtwitter,
bitcoin,
bjj,
blackmagicfuckery,
blackops4,
blackpeopletwitter,
blogsnark,
boardgames,
bodybuilding,https://www.reddit.com/r/bodybuilding/wiki/index#wiki_common_abbreviations.2C_initialisms.2C_and_bodybuilding_lingo
books,
borderlands,
bostonbruins,
bostonceltics,
boxing,
boxoffice,"https://www.reddit.com/r/boxoffice/wiki/terms, https://www.reddit.com/r/boxoffice/wiki/movies"
braincels,
braves,
bravorealhousewives,
brawlstars,
breath_of_the_wild,
btc,
buildapc,
buildapcsales,
canada,
cars,https://www.reddit.com/r/cars/wiki/terms
casualconversation,
casualuk,
catholicism,
cats,https://www.reddit.com/r/cats/wiki/terms
centerleftpolitics,
cfb,
changemyview,
chapotraphouse,
chelseafc,
chicubs,
childfree,https://www.reddit.com/r/childfree/wiki/terminology
choosingbeggars,
christianity,https://www.reddit.com/r/Christianity/wiki/glossary
churning,https://www.reddit.com/r/churning/wiki/glossary
clashofclans,
clashroyale,https://www.reddit.com/r/ClashRoyale/comments/6kwmn1/clash_royale_terminology_guide_and_dictionary_20/
classicwow,
codcompetitive,
comedyheaven,
competitiveoverwatch,https://www.reddit.com/r/Competitiveoverwatch/wiki/glossary
confession,
confessions,
conservative,
conspiracy,
cooking,
counting,
coys,
crappydesign,
crashbandicoot,
cricket,https://www.reddit.com/r/Cricket/wiki/glossary
cringetopia,
cryptocurrency,
cscareerquestions,
cumtown,
cursedcomments,
cursedimages,
cyberpunkgame,
damnthatsinteresting,
danganronpa,
dankmemes,
dataisbeautiful,
dating_advice,
datingoverthirty,https://www.reddit.com/r/datingoverthirty/wiki/index#wiki_commonly_used_abbreviations
dauntless,
dbzdokkanbattle,
ddlc,
deadbydaylight,https://www.reddit.com/r/deadbydaylight/wiki/glossary
depression,
destiny,
destiny2,
destinythegame,
dnd,https://www.reddit.com/r/DnD/wiki/glossary
dndmemes,
dndnext,
documentaries,
dodgers,
dogelore,
dota2,https://www.reddit.com/r/DotA2/wiki/faq#wiki_what_does_.28bkb.2C_carry.2C_cs.2C_etc..29_mean.3F_.28common_dota_2_terms.29
dragalialost,
dragonballlegends,
drama,
drawing,
drugs,
dundermifflin,
earthporn,
edh,
elderscrollsonline,https://www.reddit.com/r/elderscrollsonline/wiki/esoslang
elitedangerous,
entitledparents,
epicseven,
escapefromtarkov,
ethtrader,
europe,
eurovision,
eve,
exmormon,https://www.reddit.com/r/exmormon/wiki/index/common_abbreviations
explainlikeimfive,
facepalm,
fakecollegefootball,
fallout,
fantasy,
fantasybaseball,
fashionreps,https://www.reddit.com/r/FashionReps/wiki/basics
fatlogic,https://www.reddit.com/r/fatlogic/wiki/faq#wiki_acronyms_.2F_glossary_of_terms
ffbraveexvius,
ffxiv,
fifa,https://www.reddit.com/r/fifa/wiki/index#wiki_fifa_speak.3A_terminology
fiftyfifty,
fightporn,
financialindependence,
fireemblem,
fireemblemheroes,https://www.reddit.com/r/fireemblemheroes/wiki/index#wiki_common_abbreviations
fitness,https://thefitness.wiki/glossary/
fivenightsatfreddys,
fo76,
food,
forhonor,
formula1,
fortnite,
fortnitebr,
fortnitecompetitive,
freefolk,
freekarma4u,
funny,
furry,
furry_irl,
future_fight,https://www.reddit.com/r/future_fight/wiki/general/abbreviations
futurology,
gameofthrones,https://www.reddit.com/r/gameofthrones/wiki/faq#wiki_what_do_all_the_acronyms_and_abbreviations_mean.3F
games,
gaming,
gamingcirclejerk,https://www.reddit.com/r/Gamingcirclejerk/wiki/dictionary
gardening,
gatekeeping,
gendercritical,https://www.reddit.com/r/GenderCritical/wiki/dictionary
gifs,
girlsfrontline,
globaloffensive,
godzilla,https://www.reddit.com/r/GODZILLA/wiki/faq
golf,
grandorder,
gtaonline,
guildwars2,
guitar,
gundeals,
gunners,
guns,
halo,
hardwareswap,
hearthstone,https://www.reddit.com/r/hearthstone/wiki/glossary
hiphopheads,
historymemes,
hockey,
holdmyfeedingtube,
homeimprovement,
horror,
houseplants,
howardstern,
humansbeingbros,
hydrohomies,
iama,
iamatotalpieceofshit,
ice_poseidon2,
idiotsincars,
im14andthisisdeep,
imsorryjon,
inceltears,
india,
indiaspeaks,
insanepeoplefacebook,
instagramreality,
instantkarma,
interestingasfuck,
intermittentfasting,
investing,
iphone,
ireland,
jailbreak,
jobuds,
joerogan,
jokes,
jordanpeterson,
justiceserved,
justnomil,https://www.reddit.com/r/justnomil/wiki/index#wiki_acronym_dictionary
justrolledintotheshop,
keto,
kidsarefuckingstupid,
kotakuinaction,
kpop,https://www.reddit.com/r/kpop/wiki/glossary
lakers,
latestagecapitalism,
leagueoflegends,https://www.reddit.com/r/leagueoflegends/wiki/faq/beginners#wiki_common_acronyms_and_terms
legaladvice,
libertarian,
lifeprotips,
liverpoolfc,
livestreamfail,
losangeles,
loseit,
loveislandtv,
lsd,
mademesmile,
madlads,
magicarena,
magictcg,
manga,
mapporn,
mariomaker,
market76,
marvelstrikeforce,
marvelstudios,
massivecock,
me_irl,
mechanicalkeyboards,https://www.reddit.com/r/MechanicalKeyboards/wiki/keyboard_glossary
mechmarket,
melbourne,
memeeconomy,
memes,
mensrights,
mgtow,
microgrowery,
mildlyinfuriating,
mildlyinteresting,
minecraft,
mlbtheshow,
mls,
mma,
monsterhunterworld,
mordhau,
mortalkombat,
motorcycles,https://www.reddit.com/r/motorcycles/wiki/faq#wiki_glossary
mousereview,
movies,
murderedbywords,
music,
nascar,
natureisfuckinglit,
natureismetal,
nba,
nba2k,
neoliberal,
news,
newyorkmets,
newzealand,
nfl,
niceguys,
nintendoswitch,
nofap,
nostupidquestions,
notliketheothergirls,
nottheonion,
nrl,
number,
nyyankees,
oculus,
oculusquest,
oddlysatisfying,
offmychest,
oldschoolcool,
onepiece,
onepunchman,
outoftheloop,
overwatch,
paladins,
parenting,
pathofexile,https://www.reddit.com/r/pathofexile/wiki/faq#wiki_list_of_acronyms.2Fglossary
pcgaming,
pcmasterrace,
persona5,
personalfinance,
pewdiepiesubmissions,
phillies,
pics,
pokemon,
pokemongo,
pokemontrades,https://www.reddit.com/r/pokemontrades/wiki/faq#wiki_definitions_and_lingo
politicalhumor,
politics,
popheads,
portland,
prequelmemes,
programmerhumor,
ps4,https://www.reddit.com/r/PS4/wiki/acronyms
pubgmobile,
publicfreakout,
purplepilldebate,https://www.reddit.com/r/PurplePillDebate/wiki/terms#wiki_blue_pill_.28or_the_blue_pill.29
quityourbullshit,
rainbow6,https://www.reddit.com/r/Rainbow6/wiki/meta_index
raisedbynarcissists,https://www.reddit.com/r/raisedbynarcissists/wiki/acronyms
random_acts_of_amazon,
reddeadonline,
reddeadredemption,
reddevils,
redsox,
relationship_advice,
relationships,
repsneakers,
rimworld,
roastme,
rocketleague,
rocketleagueexchange,
runescape,
rupaulsdragrace,
samharris,
sandersforpresident,
science,
seaofthieves,
seattlewa,
sekiro,
sex,
shingekinokyojin,
shitpostcrusaders,
shittysuperpowers,
showerthoughts,
shrooms,
singapore,
sixers,
skincareaddiction,https://www.reddit.com/r/SkincareAddiction/wiki/acronyms
skyrim,
smashbros,
smashbrosultimate,
smite,
sneakers,
soccer,
softwaregore,
space,
sports,
squaredcircle,
starcitizen,
starterpacks,
starwars,
starwarsbattlefront,https://old.reddit.com/r/StarWarsBattlefront/wiki/faq#wiki_battlefront_terminology
steam,
stlouisblues,
stopdrinking,
sub4sub,
subredditdrama,
summonerswar,
survivor,
swgalaxyofheroes,
sysadmin,
technology,
techsupport,
teenagers,
teenmomogandteenmom2,https://www.reddit.com/r/TeenMomOGandTeenMom2/wiki/faqandglossary
television,
tennis,
terraria,
teslamotors,
tf2,
thanosdidnothingwrong,
thathappened,
the_donald,https://www.reddit.com/r/the_donald/wiki/index#wiki_what_do_all_of_those_terms_.2F_memes_mean.3F
thebachelor,https://www.reddit.com/r/thebachelor/comments/96yzc4/the_beginners_guide_to_rthebachelor/?st=JR0HZ9S2&sh=6b1d78ea
thedivision,https://www.reddit.com/r/thedivision/wiki/meta_index
themonkeyspaw,
therewasanattempt,
thesilphroad,
thesims,
tifu,
tinder,
tipofmytongue,
titanfolk,
todayilearned,
tooafraidtoask,
topmindsofreddit,
toronto,
torontoraptors,
totalwar,
traaaaaaannnnnnnnnns,
transcribersofreddit,
trashy,
trees,
truefmk,
tumblr,
tumblrinaction,
twobestfriendsplay,
twoxchromosomes,
ukpolitics,
unexpected,
unitedkingdom,
unpopularopinion,
upliftingnews,
valveindex,
vancouver,
vegan,
videos,
wallstreetbets,https://www.reddit.com/r/wallstreetbets/wiki/glossary
walmart,https://www.reddit.com/r/walmart/wiki/index#wiki_abbreviations
warframe,
warhammer40k,
warriors,
warthunder,
watches,
watchpeopledieinside,
weddingplanning,
weed,
weedstocks,
wellthatsucks,
whatcouldgowrong,
whatisthisthing,
whitepeopletwitter,
wholesomememes,
whowouldwin,https://www.reddit.com/r/whowouldwin/wiki/terminology
woodworking,
woooosh,
worldnews,
worldofwarships,
worldpolitics,
wow,https://www.reddit.com/r/wow/wiki/slang
wtf,
xboxone,
yangforpresidenthq,
youngpeopleyoutube,
youseeingthisshit,
yugioh,