subreddit,num_commentors
neoliberal,6208
summonerswar,9423
cooking,28610
lakers,16875
gtaonline,18476
dnd,48924
imsorryjon,53237
yangforpresidenthq,6818
fireemblem,10136
titanfolk,3501
mildlyinfuriating,97274
gamingcirclejerk,26419
escapefromtarkov,13376
stlouisblues,7749
tumblrinaction,19510
reddevils,16596
shrooms,11895
homeimprovement,19192
mma,35923
canada,28762
soccer,109036
outoftheloop,27966
afl,6492
guns,23554
mls,9970
fightporn,41553
documentaries,32684
natureismetal,59832
nrl,4359
reddeadonline,8809
purplepilldebate,2540
squaredcircle,49756
cursedimages,39512
youngpeopleyoutube,43725
changemyview,17276
space,45223
whatcouldgowrong,101306
ethtrader,6407
fashionreps,23499
beamazed,61966
im14andthisisdeep,40073
iamatotalpieceofshit,96077
kpop,14077
christianity,12996
pewdiepiesubmissions,175806
howardstern,6547
centerleftpolitics,1103
brawlstars,27751
nascar,7359
instantkarma,38135
deadbydaylight,20521
earthporn,39950
eve,9844
the_donald,68568
mordhau,27736
chicubs,5071
ama,19633
amd,22131
epicseven,13766
instagramreality,41961
starterpacks,65503
azurelane,8889
liverpoolfc,23564
dankmemes,326487
mousereview,8837
politics,235843
dodgers,4937
boxing,12614
vancouver,13244
art,45334
destiny,8208
teenagers,203620
music,60041
natureisfuckinglit,90726
pokemon,79971
wallstreetbets,43406
godzilla,10794
dragonballlegends,14518
hardwareswap,14411
smite,10718
relationship_advice,151286
libertarian,22527
niceguys,44266
marvelstrikeforce,7547
raisedbynarcissists,19927
random_acts_of_amazon,2580
sneakers,29514
holdmyfeedingtube,34769
inceltears,24898
bitcoin,23691
bostonceltics,10088
aww,301619
anthemthegame,20054
pics,368331
terraria,19198
crappydesign,75963
wholesomememes,150114
fallout,20139
blogsnark,4305
legaladvice,38066
worldofwarships,6855
fakecollegefootball,254
drama,6919
warthunder,12478
politicalhumor,60593
interestingasfuck,161923
asoiaf,78964
iama,50867
intermittentfasting,26446
fantasybaseball,9717
sixers,8290
actuallesbians,13475
counting,722
antimlm,25913
newzealand,9940
historymemes,87757
ps4,60084
india,18890
comedyheaven,47687
dragalialost,9533
braincels,4935
bangtan,5808
fo76,25756
nintendoswitch,73018
todayilearned,242090
mgtow,16895
pokemongo,25110
hydrohomies,32699
fortnite,12096
golf,20113
dota2,45972
repsneakers,10501
showerthoughts,272578
ireland,14296
walmart,8234
starwarsbattlefront,17067
destinythegame,62135
quityourbullshit,40078
cricket,19200
cursedcomments,79858
austin,10197
loseit,21300
bikinibottomtwitter,44241
sandersforpresident,22224
borderlands,18330
entitledparents,60683
wellthatsucks,94998
formula1,44030
runescape,11325
nyyankees,6791
furry,9421
smashbros,34904
rainbow6,61983
toronto,13234
atbge,43284
eurovision,8478
askgaybros,17006
motorcycles,23693
cumtown,6225
conservative,17177
hiphopheads,45337
melbourne,11493
askeurope,10116
fitness,32456
cringetopia,56072
adhd,17398
parenting,19859
guitar,14435
seattlewa,8132
tf2,18257
smashbrosultimate,22005
jobuds,13997
nba2k,14049
themonkeyspaw,37863
sysadmin,23461
whowouldwin,11206
3dprinting,17748
ddlc,6932
indiaspeaks,4148
investing,16494
funny,461211
dating_advice,26430
tifu,145691
gaming,340141
news,190387
airforce,9725
monsterhunterworld,17461
hockey,55962
truefmk,3263
elderscrollsonline,16515
mortalkombat,34339
coys,8215
bigbrother,7352
furry_irl,12262
latestagecapitalism,25400
mariomaker,11972
battlefieldv,23677
90dayfiance,10351
memes,403206
whitepeopletwitter,85717
unexpected,74279
upliftingnews,47271
nofap,24733
casualuk,40757
games,59775
blackops4,22548
baseball,40882
apple,30193
justrolledintotheshop,26897
buildapcsales,18850
swgalaxyofheroes,9052
madlads,50797
2meirl4meirl,38931
tooafraidtoask,56795
paladins,6634
halo,20190
army,10199
gatekeeping,54244
jordanpeterson,12997
books,49077
newyorkmets,4159
askmen,99070
codcompetitive,6269
roastme,180195
teslamotors,22524
idiotsincars,77518
personalfinance,73739
competitiveoverwatch,14521
microgrowery,10106
cars,28363
leagueoflegends,102723
joerogan,22626
trees,60753
rimworld,12876
askanamerican,12999
transcribersofreddit,490
cats,41711
valveindex,6513
australia,26547
sex,42108
gundeals,12851
houseplants,13788
dauntless,20624
forhonor,20644
anime,56220
ice_poseidon2,5001
trashy,163421
catholicism,7109
damnthatsinteresting,98865
fivenightsatfreddys,6081
popheads,10148
weedstocks,5751
redsox,5340
advice,38096
keto,19111
clashofclans,12228
oculus,16179
thebachelor,12588
drawing,29953
cryptocurrency,23326
thathappened,36270
thesims,14677
gifs,192352
losangeles,10898
exmormon,13713
fiftyfifty,27312
crashbandicoot,5756
bodybuilding,10167
cfb,21081
vegan,20147
torontoraptors,28199
starcitizen,10519
skyrim,23352
singapore,11372
humansbeingbros,63983
40klore,8624
globaloffensive,34666
chelseafc,7411
topmindsofreddit,24156
mapporn,39486
tipofmytongue,31718
oddlysatisfying,112071
warhammer40k,19295
number,238
lsd,22258
worldnews,242675
reddeadredemption,33313
unpopularopinion,208758
twoxchromosomes,47686
barca,5385
murderedbywords,93749
shitpostcrusaders,43921
sports,44352
horror,18893
hearthstone,32995
softwaregore,37708
magicarena,20106
livestreamfail,49671
warframe,29891
overwatch,45986
movies,180014
teenmomogandteenmom2,8976
skincareaddiction,28419
depression,29117
asoiafcirclejerk,7461
facepalm,80136
nottheonion,78092
mademesmile,49769
bostonbruins,7054
watches,16713
conspiracy,31781
fatlogic,10989
android,33025
fantasy,14963
videos,204363
mechanicalkeyboards,24300
datingoverthirty,8940
ukpolitics,20084
bjj,11993
science,76521
cscareerquestions,15310
nostupidquestions,88927
atheism,53076
television,87740
2007scape,43415
sub4sub,1922
financialindependence,19959
freefolk,241820
dundermifflin,48342
tennis,9509
portland,10715
dbzdokkanbattle,12925
oculusquest,12548
technology,69692
battlestations,28082
pcgaming,44327
asktrumpsupporters,3465
askredditafterdark,15603
dogelore,13594
mlbtheshow,9325
tumblr,33785
btc,5755
magictcg,36589
persona5,15011
thanosdidnothingwrong,36280
warriors,13327
oldschoolcool,97160
twobestfriendsplay,9325
insanepeoplefacebook,102379
blackpeopletwitter,113824
relationships,59764
me_irl,108596
sekiro,15961
confession,69070
blackmagicfuckery,59422
pathofexile,39675
mildlyinteresting,272806
starwars,34821
chapotraphouse,36164
steam,25000
churning,6445
pokemontrades,4162
minecraft,119379
prequelmemes,56182
elitedangerous,11703
therewasanattempt,64102
freekarma4u,15727
fifa,23191
rocketleague,34434
woodworking,22701
rupaulsdragrace,25598
europe,56444
publicfreakout,125146
unitedkingdom,18197
rocketleagueexchange,11560
weed,18649
samharris,4734
marvelstudios,107470
boxoffice,9187
braves,5477
justiceserved,57241
grandorder,13573
onepunchman,15417
pubgmobile,9655
youseeingthisshit,54504
yugioh,10047
danganronpa,5957
destiny2,22784
classicwow,40171
aquariums,12285
ffxiv,39029
apexlegends,82698
fortnitecompetitive,26759
guildwars2,12050
casualconversation,33654
market76,10458
massivecock,12546
futurology,60556
lifeprotips,67820
mensrights,10564
totalwar,20540
animemes,85140
airsoft,10912
mechmarket,8242
shingekinokyojin,11322
fortnitebr,92718
memeeconomy,29283
thesilphroad,25513
wow,49371
beautyguruchatter,17747
confessions,44832
thedivision,28607
programmerhumor,33064
xboxone,55286
food,58911
seaofthieves,15057
buildapc,46044
askouija,83897
offmychest,37465
clashroyale,22221
adviceanimals,58784
techsupport,22064
phillies,3978
girlsfrontline,5397
askwomen,41430
nba,168227
watchpeopledieinside,58253
woooosh,38615
drugs,28442
notliketheothergirls,31655
traaaaaaannnnnnnnnns,18391
choosingbeggars,107162
shittysuperpowers,50478
ffbraveexvius,7655
pcmasterrace,176192
kotakuinaction,9374
worldpolitics,31009
childfree,20420
dndnext,18208
bravorealhousewives,7162
justnomil,16198
breath_of_the_wild,24891
onepiece,20503
fireemblemheroes,14058
dndmemes,20052
whatisthisthing,43204
gardening,32358
cyberpunkgame,19128
survivor,10824
future_fight,5432
manga,23657
iphone,25603
explainlikeimfive,57996
loveislandtv,5436
wtf,144778
gendercritical,4943
nfl,58112
weddingplanning,10476
stopdrinking,13361
kidsarefuckingstupid,64182
assholedesign,67638
dataisbeautiful,39091
awfuleverything,39737
boardgames,18013
tinder,82657
edh,12039
jailbreak,17569
askreddit,1570502
gameofthrones,233732
amitheasshole,234624
gunners,12346
barstoolsports,7208
jokes,77861
subredditdrama,25963
